{
  "camera_matrix": [
    [
      605.9204711914062,
      0.0,
      326.5641784667969
    ],
    [
      0.0,
      605.3956298828125,
      244.7550811767578
    ],
    [
      0.0,
      0.0,
      1.0
    ]
  ],
  "projection_matrix": [
    [
      605.9204711914062,
      0.0,
      326.5641784667969,
      0.0
    ],
    [
      0.0,
      605.3956298828125,
      244.7550811767578,
      0.0
    ],
    [
      0.0,
      0.0,
      1.0,
      0.0
    ]
  ],
  "image_width": 640,
  "image_height": 480,
  "fx": 605.9204711914062,
  "fy": 605.3956298828125,
  "ppx": 326.5641784667969,
  "ppy": 244.7550811767578,
  "depth_scale": 0.0010000000474974513
}